Row,Vin,Year,Make,Model
A04,JH4DC4462TS021762,1996,ACURA,INTEGRA
A04,2HNYD18935H516298,2005,ACURA,MDX
A15,JH4UA2654VC007728,1997,ACURA,TL
A15,JH4KA96542C011225,2002,ACURA,RL
A14,2HNYD18272H532969,2002,ACURA,MDX
A08,19UUA66287A018889,2007,ACURA,TL
B03,1J4GZ78Y3SC751581,1995,JEEP,CHERGRAND
B06,1JCMT7843HT150993,1987,JEEP,CHEROKEE
B02,1J4GL58K34W119778,2004,JEEP,LIBERTY
B03,1J4GL48K26W152543,2006,JEEP,LIBERTY
B05,1J4GZ78Y6SC785885,1995,JEEP,GRANDCHER
B02,1J4GZ58S4WC197456,1998,JEEP,GRANDCHER
B02,J4A154CP88524,1974,JEEP,WAGONEER
B02,1J4FF48S3YL239486,2000,JEEP,CHEROKEE
B07,1J4GW68N7XC500157,1999,JEEP,GRANDCHER
B07,1J8GL48K42W245069,2002,JEEP,LIBERTY
B04,1J4GL58K24W188414,2004,JEEP,LIBERTY
B02,1J4GL48K86W192349,2006,JEEP,LIBERTY
B04,1J4GZ78Y7VC707006,1997,JEEP,GRANDCHER
B01,1J4GZ78Y9WC127287,1998,JEEP,GRANDCHER
B09,1J4GW68N8XC637933,1999,JEEP,CHERGRAND
B06,1J4GL48K43W613303,2003,JEEP,LIBERTY
B07,1J4GZ58S6VC777466,1997,JEEP,GRANDCHER
B08,1J4GW48N5YC235129,2000,JEEP,CHERGRAND
B02,1J8HR58P27C643037,2007,JEEP,GRANDCHER
B04,1J4GL48K06W270123,2006,JEEP,LIBERTY
B09,1J4GW58S5XC519841,1999,JEEP,CHERGRAND
B03,1J4GW48N7YC102002,2000,JEEP,GRANDCHER
SCCRAP,1J4GL48K73W513700,2003,JEEP,LIBERTY
B04,1J4GW58S82C142091,2002,JEEP,GRANDCHER
B08,1J4GL38K56W163661,2006,JEEP,LIBERTY
B02,1J8GX58N84C267777,2004,JEEP,GRANDCHER
B05,1J4GL48K53W580408,2003,JEEP,LIBERTY
B03,1J4GW48N14C197781,2004,JEEP,GRANDCHER
B02,1J4GW48N74C404531,2004,JEEP,CHERGRAND
B06,1J4GR48K46C330307,2006,JEEP,GRANDCHER
B02,1J4HR58N35C603787,2005,JEEP,GRANDCHER
B04,1J8GR48K38C235870,2008,JEEP,GRANDCHER
B09,1J4GR48K25C691632,2005,JEEP,GRANDCHER
B09,JB3CU24A4MU001488,1991,DODGE,COLT PASS
B08,JP3CV20D9NZ041890,1992,DODGE,COLTVISTA
B09,JB3CU24A6MU057352,1991,DODGE,COLT PASS
A08,WAUVC68E83A366963,2003,AUDI,A4 AUDI
A07,WAUJC68E94A141824,2004,AUDI,A4 AUDI
A14,WBADT63411CF11310,2001,BMW,530I
A03,WBANF33527CS38693,2007,BMW,525I
A04,WBAFA53551LP23013,2001,BMW,X5
A03,WBAVB13556PT13619,2006,BMW,325I
B09,2C8GF68445R278581,2005,CHRYSLER,PACIFICA
B06,1C4GP44G8YB737634,2000,CHRYSLER,TOWN COUN
B03,3C4FY48B54T279633,2004,CHRYSLER,PTCRUISER
B08,2A8HR44E99R652326,2009,CHRYSLER,TOWN COUN
B03,2A8GF68X68R100602,2008,CHRYSLER,PACIFICA
B05,3A4FY58B67T574485,2007,CHRYSLER,PTCRUISER
B05,2C3HE66G42H140969,2002,CHRYSLER,300M
B05,3CAFY4BB11T263026,2001,CHRYSLER,PTCRUISER
B05,2C3KA63HX6H418102,2006,CHRYSLER,300C
B02,3C4FY48B53T635612,2003,CHRYSLER,PTCRUISER
B02,3A4FY58B66T277831,2006,CHRYSLER,PTCRUISER
B08,4C3AG42H61E071172,2001,CHRYSLER,SEBRING
B06,3C3EL45H8XT553872,1999,CHRYSLER,SEBRING
B05,1C4GP45R44B585684,2004,CHRYSLER,TOWN COUN
B04,2C3HE66G22H189989,2002,CHRYSLER,300M
B03,2C4GP54L25R497786,2005,CHRYSLER,TOWN COUN
B05,1C3AL56R72N266348,2002,CHRYSLER,SEBRING
B08,3C4FY48B13T544384,2003,CHRYSLER,PTCRUISER
B05,2C4GP44371R298527,2001,CHRYSLER,TOWN COUN
B06,2C4GP64L35R214642,2005,CHRYSLER,TOWN COUN
B04,2C3CCACG9CH146534,2012,CHRYSLER,300
B08,2C4GP44R24R553626,2004,CHRYSLER,TOWN COUN
B07,2C8GP64L61R414617,2001,CHRYSLER,TOWN COUN
B03,2A8GF78X57R327574,2007,CHRYSLER,PACIFICA
B06,1C4GT64L6VB443486,1997,CHRYSLER,TOWN COUN
B03,3C4FY58B73T615691,2003,CHRYSLER,PTCRUISER
B02,2C8GP64L23R308460,2003,CHRYSLER,TOWN COUN
B07,1C3CCCAB5FN671136,2015,CHRYSLER,200
B09,2C8GM68424R379297,2004,CHRYSLER,PACIFICA
B02,2A4GP54L56R661222,2006,CHRYSLER,TOWN COUN
B08,1C3CC5FB4AN208448,2010,CHRYSLER,SEBRING
B03,2C3HD46R51H546427,2001,CHRYSLER,CONCORDE
B09,2C8GF68434R646652,2004,CHRYSLER,PACIFICA
B06,2C4GP44372R710771,2002,CHRYSLER,TOWN COUN
B03,2C3JA53G75H528939,2005,CHRYSLER,300
B06,2C3AD36J91H532598,2001,CHRYSLER,CONCORDE
B07,1C3XV56L9PD169505,1993,CHRYSLER,IMPERIAL
B09,2A4GP44R76R905659,2006,CHRYSLER,TOWN COUN
B05,3C3EL55H4WT261236,1998,CHRYSLER,SEBRING
B08,1C3EL46J85N542210,2005,CHRYSLER,SEBRING
B08,1C3CDFBA8GD689111,2016,DODGE,DART
B08,1B3CB3HA2BD204446,2011,DODGE,CALIBER
B07,1B3EL36T84N195629,2004,DODGE,STRATUS
B06,1B3EL36X53N549544,2003,DODGE,STRATUS
B04,1B3CC4FB2AN235901,2010,DODGE,AVENGER
B03,3B3XP64K6PT624540,1993,DODGE,SHADOW
B09,1B3HB28B77D232145,2007,DODGE,CALIBER
B07,3D4GH67V69T184925,2009,DODGE,JOURNEY
B08,1B3ES46C2YD852512,2000,DODGE,NEON-DODG
B06,1B3EJ56H6VN537335,1997,DODGE,STRATUS
B04,2B3KA53H46H260900,2006,DODGE,CHARGER
B07,1B3EL46J95N558106,2005,DODGE,STRATUS
B08,1B3ES56C05D107887,2005,DODGE,NEON
B09,1B3ES56C43D246451,2003,DODGE,NEON
B04,2B3KA43G36H182742,2006,DODGE,CHARGER
B02,1B3ES56C44D502928,2004,DODGE,NEON
B04,1C3CDZCB1DN665750,2013,DODGE,AVENGER
B03,1B3LC56K08N299600,2008,DODGE,AVENGER
B07,2B3KA43G66H166146,2006,DODGE,CHARGER
B07,4B3AG52H95E018376,2005,DODGE,STRATUS
B07,1B3XA46K9NF295875,1992,DODGE,SPIRIT
B07,1B3BA46K2KF411813,1989,DODGE,SPIRIT
B04,2B3HD46T7TH192390,1996,DODGE,INTREPID
B04,1P3ES46C6YD695629,2000,CHRYSLER,NEON-PLYM
A01,P18159763,1949,CHRYSLER,PLYMOUTH
A01,P18134152,1949,CHRYSLER,PLYMOUTH
B03,3B7HC13Y2VG790132,1997,DODGE,RAM1500
B04,1D4HB58256F122863,2006,DODGE,DURANGO
B03,1B4HS28Z6YF142192,2000,DODGE,DURANGO
B04,2B8GP74L12R786466,2002,DODGE,CARAVAN
B02,3B7HF13Z9XG119768,1999,DODGE,RAM1500
B05,1B8HS78Z92F186514,2002,DODGE,DURANGO
B02,1B7FL26X7PS196910,1993,DODGE,DAKOTA
B06,1B7GG22Y6XS210819,1999,DODGE,DAKOTA
B05,3B7KF23Z2XG233543,1999,DODGE,RAM2500
B02,1B7GG26X1MS306841,1991,DODGE,DAKOTA
B02,1B4HS28N11F533298,2001,DODGE,DURANGO
B04,2B4GP44R12R510633,2002,DODGE,CARAVAN
B04,1D7HU18236S676965,2006,DODGE,RAM1500
B07,1B7HG48NX2S562730,2002,DODGE,DAKOTA
B03,1B7GG2AN5YS756083,2000,DODGE,DAKOTA
B07,1B4GP44GXWB726404,1998,DODGE,CARAVAN
B06,1B7GG23X6TS610363,1996,DODGE,DAKOTA
B07,1B7GL26X6MS290552,1991,DODGE,DAKOTA
B04,2D4RN5DG3BR741011,2011,DODGE,CARAVAN
B04,2D4GP44L54R562836,2004,DODGE,CARAVAN
B03,1D4GP25BX5B229459,2005,DODGE,CARAVAN
B06,2B4GH2534NR700829,1992,DODGE,CARAVAN
B07,1D4HB58D14F158225,2004,DODGE,DURANGO
B06,1D4HB48N05F560581,2005,DODGE,DURANGO
B03,1B4GP253X1B217048,2001,DODGE,CARAVAN
B08,1B4HS28Y4XF564600,1999,DODGE,DURANGO
B08,2D4RN3DG4BR656697,2011,DODGE,CARAVAN
B06,2D4GP44L14R601647,2004,DODGE,CARAVAN
B03,2D4GP44L75R449228,2005,DODGE,CARAVAN
B04,1D7HW28K95S354233,2005,DODGE,DAKOTA
B05,1B7HF13ZXWJ258577,1998,DODGE,RAM1500
B08,1D4HB48D55F599030,2005,DODGE,DURANGO
B03,1B4GP25R91B133842,2001,DODGE,CARAVAN
B09,1B4HS28Y1XF607628,1999,DODGE,DURANGO
B05,2C4RDGDG6CR219843,2012,DODGE,CARAVAN
B09,1B7HF16Z8RS571041,1994,DODGE,RAM1500
B02,1D4GP24R85B426788,2005,DODGE,CARAVAN
B08,1D4HB38N25F620192,2005,DODGE,DURANGO
B06,3B7HF12Z0WG164484,1998,DODGE,RAM1500
B02,1D8HB48N87F570213,2007,DODGE,DURANGO
B06,2B8GT44L21R232829,2001,DODGE,CARAVAN
B05,1D8HB58N77F536270,2007,DODGE,DURANGO
B08,2C4RDGDGXCR121818,2012,DODGE,CARAVAN
B09,2D4GP44125R142998,2005,DODGE,CARAVAN
B07,1B7HF13Z2WJ113470,1998,DODGE,RAM1500
B05,2D4GP44L73R274444,2003,DODGE,CARAVAN
B05,1D3HV18T89S825057,2009,DODGE,RAM1500
B04,2D4GP44L25R411101,2005,DODGE,CARAVAN
B02,2B5WB35Z71K517401,2001,DODGE,VDOD1500
B07,2D8GT54L23R234756,2003,DODGE,CARAVAN
B05,1B4GP44RXVB406953,1997,DODGE,CARAVAN
B06,2D4GP44L65R349461,2005,DODGE,CARAVAN
B09,2B4GP4539VR430320,1997,DODGE,CARAVAN
B09,1D4GP24R05B397755,2005,DODGE,CARAVAN
B02,2D8HN54P18R630198,2008,DODGE,CARAVAN
B05,1D8GP25R17B205775,2007,DODGE,CARAVAN
B05,1D4GP24R57B211825,2007,DODGE,CARAVAN
B07,1J8FT47W57D386073,2007,PLYMOUTH,COMPASS
B08,1C4NJRBB1CD537401,2012,PLYMOUTH,PATRIOT
B05,1P4GH44R1NX198718,1992,PLYMOUTH,VOYAGER
B04,1D4PU5GK0BW559722,2011,PLYMOUTH,NITRO
B02,1J8FT57W57D190513,2007,PLYMOUTH,COMPASS
B06,2P4GH2535SR138398,1995,PLYMOUTH,VOYAGER
B06,1C4NJPBA3FD400542,2015,PLYMOUTH,PATRIOT
A12,JN8HD17Y7RW235941,1994,DATSUN - NISSAN,PATHFINDR
A02,1N4DL01D5YC235844,2000,DATSUN - NISSAN,ALTIMA
A11,JN8AZ2KR9BT213343,2011,DATSUN - NISSAN,CUBE
A11,5N1AR18W96C661599,2006,DATSUN - NISSAN,PATHFINDR
A11,JN8AR05Y6VW169456,1997,DATSUN - NISSAN,PATHFINDR
A15,JN8DR09Y63W829483,2003,DATSUN - NISSAN,PATHFINDR
A14,JN8DR09Y72W744277,2002,DATSUN - NISSAN,PATHFINDR
A06,1N4AB41D8TC807477,1996,DATSUN - NISSAN,SENTRA
A07,4N2ZN1118WD823652,1998,DATSUN - NISSAN,QUEST
A04,3N1BC1CP9AL381675,2010,DATSUN - NISSAN,VERSA
A06,JN8AS5MV1DW640906,2013,DATSUN - NISSAN,ROGUE
A15,1N6ND11SXJC374130,1988,DATSUN - NISSAN,D21PICKUP
A10,1N6SD16S1MC367681,1991,DATSUN - NISSAN,TNISSAN
A01,JN1HZ04S1CX436388,1982,DATSUN - NISSAN,280ZX
A14,3N1CB51D12L683258,2002,DATSUN - NISSAN,SENTRA
A15,JN1CA21AXWT401370,1998,DATSUN - NISSAN,MAXIMA
A08,4N2DN1110WD800117,1998,DATSUN - NISSAN,QUEST
A07,1N4AL11D76N433089,2006,DATSUN - NISSAN,ALTIMA
A04,1N4AL21E59N487090,2009,DATSUN - NISSAN,ALTIMA
A13,5N1ED28T14C638309,2004,DATSUN - NISSAN,XTERRA
A02,3N1AB41D1VL036638,1997,DATSUN - NISSAN,SENTRA
A12,1N4AL11D56C230522,2006,DATSUN - NISSAN,ALTIMA
A11,JN8AS5MT6FW665852,2015,DATSUN - NISSAN,ROGUENEW
A04,JN1CA31A11T307151,2001,DATSUN - NISSAN,MAXIMA
A12,3N1AB6AP3CL667572,2012,DATSUN - NISSAN,SENTRA
A12,5N1ED28Y14C687604,2004,DATSUN - NISSAN,XTERRA
A14,1N4CL2AP8BC100656,2011,DATSUN - NISSAN,ALTIMA
A13,5N1ED28Y7YC553007,2000,DATSUN - NISSAN,XTERRA
A14,1N4DL01D11C192688,2001,DATSUN - NISSAN,ALTIMA
A06,3N1AB41D1XL085602,1999,DATSUN - NISSAN,SENTRA
A06,1N4AL11E75C324893,2005,DATSUN - NISSAN,ALTIMA
A12,5N1ED28Y71C587325,2001,DATSUN - NISSAN,XTERRA
A06,1N4AL2AP4CN442148,2012,DATSUN - NISSAN,ALTIMA
A08,3N1CB51D16L461888,2006,DATSUN - NISSAN,SENTRA
A07,1N4AL2AP6BN516703,2011,DATSUN - NISSAN,ALTIMA
A13,5N1ED28Y11C555308,2001,DATSUN - NISSAN,XTERRA
A03,3N1BC13E27L442727,2007,DATSUN - NISSAN,VERSA
A08,1N4AL11D05C308574,2005,DATSUN - NISSAN,ALTIMA
A05,JN1CA31A9YT017251,2000,DATSUN - NISSAN,MAXIMA
A15,JN1CA21DXST090365,1995,DATSUN - NISSAN,MAXIMA
A02,1N4AL21E38N542117,2008,DATSUN - NISSAN,ALTIMA
A14,1N4AL11DX5N445056,2005,DATSUN - NISSAN,ALTIMA
A11,JN8AZ08W07W628039,2007,DATSUN - NISSAN,MURANO
A13,5N1ED28Y03C681839,2003,DATSUN - NISSAN,XTERRA
A06,KLATA2260YB506474,2000,DAEWOO,LANOS
B12,3FAFP11382R227580,2002,FORD,ESCORT
B11,1FASP14J9SW308335,1995,FORD,ESCORT
B20,1FALP54P7RA272250,1994,FORD,TAURUS
B25,1FACP52UXPG201272,1993,FORD,TAURUS
B24,2FMZA51483BA77149,2003,FORD,WINDSTAR
B25,1FAFP68G7XK107934,1999,FORD,CONTOUR
B19,1FAHP56S01G124739,2001,FORD,TAURUS
B15,1FALP52U9SG318754,1995,FORD,TAURUS
B14,1FAFP34333W111063,2003,FORD,FOCUS
B13,3FADP4EJ6GM190857,2016,FORD,FIESTA
B20,1FAFP58U35A200372,2005,FORD,TAURUS
B14,1FAFP53U06A209295,2006,FORD,TAURUS
B17,2FMDA51453BA51683,2003,FORD,WINDSTAR
B11,1FALP52U5TG124952,1996,FORD,TAURUS
B13,1FAHP56S51A153821,2001,FORD,TAURUS
B19,1FAHP55S42G111267,2002,FORD,TAURUS
B11,1FAHP38353W164768,2003,FORD,FOCUS
B11,3FAKP113XXR158218,1999,FORD,ESCORT
B20,2FMDA5140VBD18179,1997,FORD,WINDSTAR
B18,1FAFP53U86A233120,2006,FORD,TAURUS
B17,2FMGK5C88EBD06565,2014,FORD,FLEX
B16,1FALP52U5TG185735,1996,FORD,TAURUS
B10,3FAKP1138WR209133,1998,FORD,ESCORT
B11,1FAFP55U82A267128,2002,FORD,TAURUS
B15,3FAFP37393R135611,2003,FORD,FOCUS
B15,1FAHP34P1YW107788,2000,FORD,FOCUS
B18,2FMDK48C88BA11464,2008,FORD,EDGE
B11,1FAFP56U76A236280,2006,FORD,TAURUS
B11,1FAHP31N37W114033,2007,FORD,FOCUS
B15,1FAFP55S43G267575,2003,FORD,TAURUS
B18,1FACP44M7MF165405,1991,FORD,MUSTANG
B13,1FAFP53214G180270,2004,FORD,TAURUS
B25,3FAFP31N95R127568,2005,FORD,FOCUS
B21,1FAFP34P5YW136606,2000,FORD,FOCUS
B12,2FMZA50675BA26781,2005,FORD,FREESTAR
B22,1FAFP56U46A136217,2006,FORD,TAURUS
B11,1FAHP34NX7W192417,2007,FORD,FOCUS
B14,1FAFP55U13G264358,2003,FORD,TAURUS
B20,1FADP3J24HL333557,2017,FORD,FOCUS
B10,1FAHP53254G170219,2004,FORD,TAURUS
B25,1FAFP34N05W152061,2005,FORD,FOCUS
B12,1FAFP33P91W128855,2001,FORD,FOCUS
B21,2FMZA522X5BA45951,2005,FORD,FREESTAR
B12,1FAFP53U06A234701,2006,FORD,TAURUS
B20,1FAFP34N37W111829,2007,FORD,FOCUS
B15,1FAFP55S33G166723,2003,FORD,TAURUS
B24,3FAHP07Z67R226059,2007,FORD,FUSION
A01,5Y83Z126311,1963,FORD,THUNDERBI
B18,1FAFP34NX5W117897,2005,FORD,FOCUS
B24,1FAFP58U7XG264673,1999,FORD,TAURUS
B13,1FARP11J8RW141785,1994,FORD,ESCORT
B12,1FAFP53UX6A136355,2006,FORD,TAURUS
B10,1FAHP35N59W118744,2009,FORD,FOCUS
B22,1FAFP55U73G262596,2003,FORD,TAURUS
B12,3FAHP06Z97R251989,2007,FORD,FUSION
B10,1FMDK05177GA32759,2007,FORD,FREESTYLE
B16,3FADP0L38AR324257,2010,FORD,FUSION
B14,1FAFP53UXXG269521,1999,FORD,TAURUS
B21,1FAFP38332W151765,2002,FORD,FOCUS
B20,1FAHP35NX8W233922,2008,FORD,FOCUS
B17,3FAHP0HA0AR377849,2010,FORD,FUSION
B18,2FMZA5249XBC58586,1999,FORD,WINDSTAR
B12,3FAHP02108R142323,2008,FORD,FUSION
B19,1FMDK02W98GA29833,2008,FORD,TAURUS X
B19,3FAHP0HA0AR314959,2010,FORD,FUSION
B16,1FAFP53U8XA122682,1999,FORD,TAURUS
B12,1FAFP34P32W339047,2002,FORD,FOCUS
B24,1FAHP35N48W219319,2008,FORD,FOCUS
B11,3FAHP0HA2AR372510,2010,FORD,FUSION
B17,3FAFP11323R164767,2003,FORD,ESCORT
B13,3FAHP08Z08R196590,2008,FORD,FUSION
B16,1FMDK06W88GA24570,2008,FORD,TAURUS X
B22,1FAHP24147G157910,2007,FORD,FIVEHUNDR
B14,1FAFP53U3YG283729,2000,FORD,TAURUS
B19,1FAFP36302W188355,2002,FORD,FOCUS
B11,1FAHP3FN1AW296850,2010,FORD,FOCUS
B13,1FAHP24137G121111,2007,FORD,FIVEHUNDR
B24,1FAFP34344W186842,2004,FORD,FOCUS
B19,3FAHP07Z68R260536,2008,FORD,FUSION
B22,1FALP62W0VH157961,1997,FORD,THUNDERBI
B18,3FAFP37312R234759,2002,FORD,FOCUS
B15,8X11U106640,1968,FORD,FALCON
B25,1FALP6531WK126952,1998,FORD,CONTOUR
B14,1FAHP3FNXAW146686,2010,FORD,FOCUS
B25,1FAHP34N06W200037,2006,FORD,FOCUS
B19,3FAHP08176R102678,2006,FORD,FUSION
B25,1FAHP28155G179146,2005,FORD,FIVEHUNDR
B25,2FMDA5145WBB87283,1998,FORD,WINDSTAR
B11,1FAFP38Z46W253635,2006,FORD,FOCUS
B19,3FAHP08Z96R120508,2006,FORD,FUSION
B20,1FAFP28105G169731,2005,FORD,FIVEHUNDR
B10,1FAHP3FN5AW183211,2010,FORD,FOCUS
B16,1FAFP34N16W176984,2006,FORD,FOCUS
B14,1FAFP23166G108392,2006,FORD,FIVEHUNDR
B18,1FAFP34N46W137757,2006,FORD,FOCUS
B17,2FMDA5148WBA64903,1998,FORD,WINDSTAR
B12,1FADP3F27DL336021,2013,FORD,FOCUS
B15,1FAFP23196G108418,2006,FORD,FIVEHUNDR
B17,1FADP3K26DL279736,2013,FORD,FOCUS
B11,1FAHP3FN2AW138047,2010,FORD,FOCUS
B17,3FAHP0JA6BR345029,2011,FORD,FUSION
B10,2FMZA57664BB17738,2004,FORD,FREESTAR
B16,3FAHP0HA4BR329739,2011,FORD,FUSION
B19,1FAHP3GNXAW197393,2010,FORD,FOCUS
B15,2FMZA52246BA63072,2006,FORD,FREESTAR
B15,1FAFP4040YF233990,2000,FORD,MUSTANG
B18,2FMZA51656BA49542,2006,FORD,FREESTAR
B18,1FMZK01165GA70136,2005,FORD,FREESTYLE
B11,KNJBT06K9K6109241,1989,FORD,FESTIVA
B12,1ZVBT22L7K5209225,1989,FORD,PROBE
B25,1FAHP3F28CL174769,2012,FORD,FOCUS
B14,1FAHP24W38G176932,2008,FORD,TAURUS
B22,1FAHP3F26CL274403,2012,FORD,FOCUS
B25,1FAHP27W68G160817,2008,FORD,TAURUS
B14,1FAHP3K28CL222647,2012,FORD,FOCUS
B18,1FAHP25W98G109329,2008,FORD,TAURUS
B24,1LNBM93E3JY630439,1988,LINCOLN,MARK VII
B14,1LNFM82W6WY655431,1998,LINCOLN,TOWN CAR
B14,5LMPU28A7YLJ06072,2000,LINCOLN,NAVIGATOR
B14,1LNHM82W41Y739085,2001,LINCOLN,TOWN CAR
B20,5LMFU28A2YLJ18075,2000,LINCOLN,NAVIGATOR
B17,1LNHM86S91Y681188,2001,LINCOLN,LINC-LS
B16,5LMFU28537LJ25781,2007,LINCOLN,NAVIGATOR
B18,4M2EU48836UJ05493,2006,MERCURY,MOUNTNEER
B20,2MELM75W4TX644791,1996,MERCURY,GRAND MAR
B13,6MPCT0367P8641574,1993,MERCURY,CAPRI
B10,1MEFM50U55A609955,2005,MERCURY,SABLE
B18,1MEHM43196G609170,2006,MERCURY,MONTEGO
B24,4M2ZU86K63ZJ10435,2003,MERCURY,MOUNTNEER
B10,4M2DU86W74ZJ05078,2004,MERCURY,MOUNTNEER
B14,4M2ZU86K15UJ16109,2005,MERCURY,MOUNTNEER
B24,4M2EU47E77UJ11533,2007,MERCURY,MOUNTNEER
B19,4M2CU91Z28KJ25241,2008,MERCURY,MARINER
B10,3MEHM08178R662818,2008,MERCURY,MILAN
B16,4M2CU971X8KJ28745,2008,MERCURY,MARINER
B15,3MEHM02138R618839,2008,MERCURY,MILAN
B15,1MEFM58U12G610680,2002,MERCURY,SABLE
B16,1FMPU18L2WLB34955,1998,FORD,EXPEDITON
B21,1FTYR10C2YPA64634,2000,FORD,RANGER
B10,E06BHEA3363,1979,FORD,E100
B11,1FTDF14F3CRA34924,1982,FORD,F150
B19,1FMCU04122KA16692,2002,FORD,ESCAPE
B11,1FMDU34X0TUD35962,1996,FORD,EXPLORER
B13,1FTCR14XXRPB14835,1994,FORD,RANGER
B13,1FTCR11XXVTA59454,1997,FORD,RANGER
B23,1FMPU16L3YLC09765,2000,FORD,EXPEDITON
B18,1FTZR15V5YPB16322,2000,FORD,RANGER
B12,2FTEF14Y0JCA68285,1988,FORD,F150
B22,1FMFU18L5VLB87904,1997,FORD,EXPEDITON
B17,1FMYU04132KA79080,2002,FORD,ESCAPE
B14,1FMZU73K33UB76034,2003,FORD,EXPLORER
B12,1FMCA11U6PZA16819,1993,FORD,AEROSTAR
B14,1FTCR15U1VPA26206,1997,FORD,RANGER
B17,1FMPU18L2YLB25014,2000,FORD,EXPEDITON
B22,1FMDU34E6XZA31235,1999,FORD,EXPLORER
B19,1FMYU93194DA20371,2004,FORD,ESCAPE
B10,1FMRU1865XLB02490,1999,FORD,EXPEDITON
B13,1FMCU93749KB30343,2009,FORD,ESCAPE
B17,1FMZU74E33UC28531,2003,FORD,EXPLORER
B14,1FTEF14Y4SLB20587,1995,FORD,F150
B15,1FMEU15HXSLB26331,1995,FORD,BRONCO
B18,1FMDU34X9MUA44202,1991,FORD,EXPLORER
B21,1FMZU34E6XZB38405,1999,FORD,EXPLORER
B22,1FMCU93125DA19185,2005,FORD,ESCAPE
B12,1FTCR15T9KPB43745,1989,FORD,RANGER
B13,1FMCU9DG2BKB60039,2011,FORD,ESCAPE
B18,1FMZU73K43ZA66919,2003,FORD,EXPLORER
B10,1FMYU041X1KF63455,2001,FORD,ESCAPE
B13,1FTZR45E72PB02429,2002,FORD,RANGER
B22,1FTZF1829WKB46430,1998,FORD,F150
B13,1FMZU34E2XZA39872,1999,FORD,EXPLORER
B12,1FMYU931X5DA07775,2005,FORD,ESCAPE
B21,1FTDX1866VNA76439,1997,FORD,F150
B13,1FTHF25L9DPA32524,1983,FORD,F250
B21,1FTEX14H8PKB74744,1993,FORD,F150
B24,1FMCU03151KC21133,2001,FORD,ESCAPE
B22,1FTEF25Y3LPA68061,1990,FORD,F250
B25,2FTRX18L6YCB18422,2000,FORD,F150
B14,1FMDU34X6XZB35449,1999,FORD,EXPLORER
B11,1FMPU18595LA03294,2005,FORD,EXPEDITON
B22,1FTDX1865VNA47594,1997,FORD,F150
B21,1FMPU16L54LB86760,2004,FORD,EXPEDITON
B18,1FMYU92143KA60742,2003,FORD,ESCAPE
B12,1FMYU04161KA80044,2001,FORD,ESCAPE
B15,1FTGS24N9MHA71053,1991,FORD,E250
B19,1FTPF18L8YNA69969,2000,FORD,F150
B21,1FMDU75E7YZA80354,2000,FORD,EXPLORER
B20,1FTBR10A6DUA24296,1983,FORD,RANGER
B15,1FTDX18W1VKC96234,1997,FORD,F150
B20,1FTCR15A8GPA56814,1986,FORD,RANGER
B19,1FMYU931X3KA62722,2003,FORD,ESCAPE
B13,1FMCU94128KA73665,2008,FORD,ESCAPE
B24,1FTRW08WX1KE32356,2001,FORD,F150
B10,1FTSS34S55HB25729,2005,FORD,E250
B17,1FMZU77E12UB85852,2002,FORD,EXPLR SPT
B20,1FMCU59H88KE68674,2008,FORD,ESCAPE
B21,1FTDF18W7VKA64210,1997,FORD,F150
B13,1FMDU34X4SZB29478,1995,FORD,EXPLORER
B11,1FMJU1G59AEA76073,2010,FORD,EXPEDITON
B21,1FMCU93148KB80119,2008,FORD,ESCAPE
B25,1FTRW08L73KC90413,2003,FORD,F150
B24,1FMEU73EX6ZA29371,2006,FORD,EXPLORER
B21,1FTEX14H4LKA41084,1990,FORD,F150
B16,1FMCU0EG5CKA10437,2012,FORD,ESCAPE
B11,2FTRX18L6XCA19095,1999,FORD,F150
B25,1FMYU60E92UC50530,2002,FORD,EXPLORER
B15,1FTPW14VX7FB42887,2007,FORD,F150
B15,1FTEX14H9TKA07805,1996,FORD,F150
B10,1FMZU72K25UA99774,2005,FORD,EXPLORER
B20,1FMZU72K94ZB08911,2004,FORD,EXPLORER
B24,1FTHX26G2NKB81452,1992,FORD,F250
B20,1FMZU64W94ZA11041,2004,FORD,EXPLORER
B16,1FMZU73K55UB25816,2005,FORD,EXPLORER
B10,1FMZU73W74UB06430,2004,FORD,EXPLORER
B22,1FTHE24H8SHB06118,1995,FORD,E250
B15,1FMZU72KX4ZB10795,2004,FORD,EXPLORER
B21,1FMZU77K85UA48658,2005,FORD,EXPLORER
B20,1FMZU73K94ZA46957,2004,FORD,EXPLORER
B16,1FMYU96H16KC06235,2006,FORD,ESCAPE
B12,2FTDF15N9NCA38594,1992,FORD,F150
B12,1FMEU73E87UB41696,2007,FORD,EXPLORER
B13,1FTEX14N4RKA30035,1994,FORD,F150
B19,1FMYU931X6KC12347,2006,FORD,ESCAPE
B16,1FTSE34L86DB43683,2006,FORD,E250
B21,1FMYU93126KC04548,2006,FORD,ESCAPE
B24,1FMCU93126KA84003,2006,FORD,ESCAPE
B16,1FMCU96H46KC73633,2006,FORD,ESCAPE
B17,1FMYU94146KC03108,2006,FORD,ESCAPE
B10,1FMYU93137KA03517,2007,FORD,ESCAPE
B17,1FMCU93107KB79127,2007,FORD,ESCAPE
B17,1FMYU93117KA38606,2007,FORD,ESCAPE
A01,124CS10072210,1974,FIAT,124 CONV
A19,2C1MR522616713199,2001,GEO,METRO
A20,2CNBJ13C3X6914774,1999,GEO,TRACKER
A21,2C1MS2465R6779094,1994,GEO,METRO
A22,2G1WB58K869415131,2006,CHEVROLET,IMPALA
A24,2G1WF52E559268062,2005,CHEVROLET,IMPALA
A18,1G1ND52J83M511684,2003,CHEVROLET,MALIBU
B27,3GNDA23P46S561751,2006,CHEVROLET,HHR
A22,2G1WF55KX29200403,2002,CHEVROLET,IMPALA
A20,KL1TD66658B242337,2008,CHEVROLET,AVEO
B31,2G1WW12M6X9199708,1999,CHEVROLET,MONTE CAR
A26,1GNDX03E6XD317098,1999,CHEVROLET,VENTURE
B30,2G1WT58K369376378,2006,CHEVROLET,IMPALA
A21,3GNDA33P97S576060,2007,CHEVROLET,HHR
A18,1G1ND52JX3M689998,2003,CHEVROLET,MALIBU
A23,1G1AK55F467649432,2006,CHEVROLET,COBALT
A18,2G1WH52K149438903,2004,CHEVROLET,IMPALA
A01,00769W161069,1968,CHEVROLET,CORVAIR
A20,1G1ZU54845F125122,2005,CHEVROLET,MALIBUOLD
A19,1G11C5SA5DF232541,2013,CHEVROLET,MALIBU
B30,2G1WT55K169356523,2006,CHEVROLET,IMPALA
A19,1GNDV33L66D201596,2006,CHEVROLET,UPLANDER
B29,1G1ND52J23M696072,2003,CHEVROLET,MALIBU
A16,1G1JC1247VM142288,1997,CHEVROLET,CAVALIER
A19,1GNDV23L65D280986,2005,CHEVROLET,UPLANDER
A16,1G1JF524217266752,2001,CHEVROLET,CAVALIER
A21,1G1ZU64835F189822,2005,CHEVROLET,MALIBUOLD
B31,1G11C5SL1FF321494,2015,CHEVROLET,MALIBU
A25,2G1WT58K489249268,2008,CHEVROLET,IMPALA
A19,1G1AK55F577183611,2007,CHEVROLET,COBALT
B27,1G1NE52J03M615549,2003,CHEVROLET,MALIBU
A23,1G1ZT52805F302934,2005,CHEVROLET,MALIBUNEW
A26,1GNDV23137D178479,2007,CHEVROLET,UPLANDER
A23,1G1BL53E0PR143193,1993,CHEVROLET,CAPRICE
A22,1G1LT54W7KE275962,1989,CHEVROLET,CORSICA
A19,2G1WB5E3XE1186798,2014,CHEVROLET,IMPALANEW
A20,1GNDU23137D133867,2007,CHEVROLET,UPLANDER
A16,1G1AL55F877225198,2007,CHEVROLET,COBALT
B28,1G1ND52J83M622302,2003,CHEVROLET,MALIBU
B29,1G1ND52F55M223717,2005,CHEVROLET,MALIBUNEW
B26,1GNDV23167D176418,2007,CHEVROLET,UPLANDER
A25,1G1JE5SH4C4132089,2012,CHEVROLET,SONIC
A24,1G1ZS58F77F283469,2007,CHEVROLET,MALIBU
B29,2G1WC5E34E1182744,2014,CHEVROLET,IMPALANEW
A07,10927W216214,1961,CHEVROLET,CORVAIR
A25,1GNLVFED9AS151347,2010,CHEVROLET,TRAVERSE
A16,1G1ZU54834F220107,2004,CHEVROLET,MALIBUNEW
A18,1G1ZC5EU5BF246557,2011,CHEVROLET,MALIBU
A23,1GNKVGEDXBJ259940,2011,CHEVROLET,TRAVERSE
A19,2G1WX12K0Y9216449,2000,CHEVROLET,MONTE CAR
A18,1G1ZS57F47F167728,2007,CHEVROLET,MALIBU
A18,2G1WH52K939427730,2003,CHEVROLET,IMPALA
A17,1G1PC5SB9D7313975,2013,CHEVROLET,CRUZE
A23,1GNLVFED1AS156607,2010,CHEVROLET,TRAVERSE
A20,1G1ZS52F24F144760,2004,CHEVROLET,MALIBUNEW
A25,1G1ZC5E12BF112224,2011,CHEVROLET,MALIBU
A19,1G1PC5SB0D7203669,2013,CHEVROLET,CRUZE
A24,2G1WW12E2Y9255945,2000,CHEVROLET,MONTE CAR
A23,1G1ZS58F07F298184,2007,CHEVROLET,MALIBU
A26,1G1AW35X4E6884077,1984,CHEVROLET,CELEBRITY
A25,1G1ND52F04M533272,2004,CHEVROLET,MALIBUNEW
A24,1GNLVGED1AJ213593,2010,CHEVROLET,TRAVERSE
A21,2G1WA5EK5A1130160,2010,CHEVROLET,IMPALA
A19,1G11B5SA7GU103753,2016,CHEVROLET,MALIBUNEW
A22,1G1ZC5EB1A4102805,2010,CHEVROLET,MALIBU
A21,2G1WL52J811183425,2001,CHEVROLET,LUMINACAR
A26,2G1WG5EK7B1131942,2011,CHEVROLET,IMPALA
B31,1G1PC5SBXE7351748,2014,CHEVROLET,CRUZE
A16,2G1WL52M4X9132184,1999,CHEVROLET,LUMINACAR
B29,2G1WL52J811208582,2001,CHEVROLET,LUMINACAR
A16,1GNDX03E94D249049,2004,CHEVROLET,VENTURE
A26,1G1JE1115HJ165365,1987,CHEVROLET,CAVALIER
B26,2G1WN52K0X9218780,1999,CHEVROLET,LUMINACAR
A01,1Y27U8W178376,1978,CHEVROLET,NOVA
A16,KL1TD66606B512314,2006,CHEVROLET,AVEO
B26,1G1ZA5E00CF183968,2012,CHEVROLET,MALIBU
A20,1G1AT58H297291682,2009,CHEVROLET,COBALT
A18,2G1WT57N191264015,2009,CHEVROLET,IMPALA
A21,KL1TD66646B662233,2006,CHEVROLET,AVEO
A16,2G1WL52M7V1119506,1997,CHEVROLET,LUMINACAR
A23,1G1PH5SCXC7231326,2012,CHEVROLET,CRUZE
B30,1G1AL52FX57555474,2005,CHEVROLET,COBALT
A22,1G1PH5SC8C7378518,2012,CHEVROLET,CRUZE
A26,1G1JF5245Y7256453,2000,CHEVROLET,CAVALIER
A18,1G1JC12FX37343924,2003,CHEVROLET,CAVALIER
A18,1G1JH12F937281093,2003,CHEVROLET,CAVALIER
B27,1G1JC52F137128732,2003,CHEVROLET,CAVALIER
B31,1G2NE52T2WC751656,1998,PONTIAC,GRAND AM
B30,1GMDX03E14D215451,2004,PONTIAC,MONTANA
A16,1G2HX52K2XH254156,1999,PONTIAC,BONNEVILL
A24,1G2NF52F02C300937,2002,PONTIAC,GRAND AM
A25,1G2NW55M3RC749890,1994,PONTIAC,GRAND AM
B28,2CKDL63F476044332,2007,PONTIAC,TORRENT
A21,1G2NF52E64M567634,2004,PONTIAC,GRAND AM
A21,1G2NE52E35M220797,2005,PONTIAC,GRAND AM
A01,252379C121632,1969,PONTIAC,CATALINA
A19,1G2AN15B777132362,2007,PONTIAC,G5
A23,1G2HY54K5Y4238021,2000,PONTIAC,BONNEVILL
A16,2G2WP552771208666,2007,PONTIAC,GRAND PRI
A20,2G2WS522841181413,2004,PONTIAC,GRAND PRI
B30,1G2NW52E63M738980,2003,PONTIAC,GRAND AM
A18,1G2NF52E64C135308,2004,PONTIAC,GRAND AM
A20,1G2HY54KX24236417,2002,PONTIAC,BONNEVILL
A25,2G2WP522241111021,2004,PONTIAC,GRAND PRI
A19,1G2JB12FX47214534,2004,PONTIAC,SUNFIRE
A26,1G2HX54K7Y4228223,2000,PONTIAC,BONNEVILL
A22,1G2ZF55B964233152,2006,PONTIAC,G6
A16,2G2WP552X61290049,2006,PONTIAC,GRAND PRI
A18,1G2AL18H897227117,2009,PONTIAC,G5
B26,2G2WP522751131749,2005,PONTIAC,GRAND PRI
B30,1G2ZG57N594150391,2009,PONTIAC,G6
A16,2G2WP552161213781,2006,PONTIAC,GRAND PRI
B27,1G2JB12F747290695,2004,PONTIAC,SUNFIRE
A26,1G2ZH17N284247424,2008,PONTIAC,G6
A22,1G2ZF55BX64205392,2006,PONTIAC,G6
A25,1G2HX52K534198070,2003,PONTIAC,BONNEVILL
A16,1G2ZG58N174136662,2007,PONTIAC,G6
A23,1G2AF54T0L6229563,1990,PONTIAC,6000
B26,1G2ZF55B264158410,2006,PONTIAC,G6
B29,2CKDL63F566027666,2006,PONTIAC,TORRENT
A16,3G7DB03E94S565573,2004,PONTIAC,AZTEK
B29,1G2JB1245W7531624,1998,PONTIAC,SUNFIRE
B26,3G7DB03E73S597257,2003,PONTIAC,AZTEK
A19,5Y2SM63895Z444322,2005,PONTIAC,VIBE
B26,5Y2SM62864Z462275,2004,PONTIAC,VIBE
A25,1G2NE14N9PM561226,1993,PONTIAC,GRAND AM
A24,5Y2SL64803Z427102,2003,PONTIAC,VIBE
B30,1G2WP52K11F135878,2001,PONTIAC,GRAND PRI
A20,2CKDL43F686313971,2008,PONTIAC,TORRENT
A20,5Y2SL65896Z425772,2006,PONTIAC,VIBE
A22,1GMDX03E9XD152149,1999,PONTIAC,MONTANA
B27,1GHDT13S722104997,2002,OLDMOBILE,BRAVADA
A01,3R47F8M566313,1978,OLDMOBILE,CUTLASS
A21,1GHDX03E6XD297826,1999,OLDMOBILE,SILHOUETT
A25,1G3NF12E5XC402592,1999,OLDMOBILE,ALERO
B31,1G3NL52E94C225637,2004,OLDMOBILE,ALERO
A24,1G3NF12E6YC355641,2000,OLDMOBILE,ALERO
B27,1GHDX03E8XD319499,1999,OLDMOBILE,SILHOUETT
A01,3Z57K8M723107,1978,OLDMOBILE,TORONADO
A21,1G3JC77W2FK342061,1985,OLDMOBILE,FIRENZA
A01,3Z57K8M707397,1978,OLDMOBILE,TORONADO
B28,1G4GD5ER5CF202885,2012,BUICK,LACROSSE
A24,2G4WB52K8T1440178,1996,BUICK,REGAL
A20,2G4WS52J721286648,2002,BUICK,CENTURY
A01,C2055927,1956,BUICK,BUICK-SPE
A16,1G4HR54K34U179078,2004,BUICK,LESABRE
A20,1G4HP572X7U121412,2007,BUICK,LUCERNE
A20,3G5DB03E84S582616,2004,BUICK,RENDEZVOU
B32,5GADV33L76D117975,2006,BUICK,TERRAZA
B31,2G4WB12L7S1467453,1995,BUICK,REGAL
A18,1G4HR54K71U195473,2001,BUICK,LESABRE
A18,2G4WB52K2Y1194963,2000,BUICK,REGAL
B28,2G4WB54L9M1887206,1991,BUICK,REGAL
A24,1G4CW52K5Y4159359,2000,BUICK,PARK AVE
B26,2G4WD582371182403,2007,BUICK,LACROSSE
A21,3G5DB03E74S518339,2004,BUICK,RENDEZVOU
A26,3G5DB03E33S588922,2003,BUICK,RENDEZVOU
A26,1G4NV15MXRC274158,1994,BUICK,SKYLARK
A20,5GAEV23748J294764,2008,BUICK,ENCLAVE
B32,1G4AH27E4E6528828,1984,BUICK,CENTURY
A18,2G4WS52J2Y1134558,2000,BUICK,CENTURY
A18,1G4HR54K9YU125841,2000,BUICK,LESABRE
A19,1G4HP52LXSH511234,1995,BUICK,LESABRE
B30,1G4HJ5EM1BU151185,2011,BUICK,LUCERNE
A24,2G4WS52J731191900,2003,BUICK,CENTURY
B29,1G4HP54K8Y4232112,2000,BUICK,LESABRE
A25,5GAER23738J120866,2008,BUICK,ENCLAVE
A20,2G4WB52K331180398,2003,BUICK,REGAL
A26,2G4WS52J831262019,2003,BUICK,CENTURY
A25,5GAEV13D09J140828,2009,BUICK,ENCLAVE
A21,1G4HP52L2SH436920,1995,BUICK,LESABRE
A22,1G4GB5EG0AF173796,2010,BUICK,LACROSSE
B30,2G4WS52J131114231,2003,BUICK,CENTURY
A20,5GAER237X8J106382,2008,BUICK,ENCLAVE
A22,2G4WB52K321107708,2002,BUICK,REGAL
B29,1G4HP52K1XH429861,1999,BUICK,LESABRE
B29,2G4WB52K521177839,2002,BUICK,REGAL
B26,5GALVCED0AJ217654,2010,BUICK,ENCLAVE
A22,1GYEK63R6YR223173,2000,CADILLAC,ESCALADE
A19,1G6EL12Y4SU614389,1995,CADILLAC,ELDORADO
B27,1G6KY5491XU902847,1999,CADILLAC,SEVILLE
A19,1G6KF52Y3SU257594,1995,CADILLAC,DEVILLE
B29,1G6KS54Y4YU154394,2000,CADILLAC,SEVILLE
B29,1G6KD52B5RU257124,1994,CADILLAC,DEVILLE
A01,J5228462,1965,CADILLAC,DEVILLE
A26,1G6KD52Y8TU232729,1996,CADILLAC,DEVILLE
A23,1G6KS54Y03U142316,2003,CADILLAC,SEVILLE
A26,1G6KD54Y5WU772752,1998,CADILLAC,DEVILLE
A21,1G8ZR1276XZ307931,1999,SATURN,SATURNCPE
B28,5GZCZ23D53S840456,2003,SATURN,VUE
A19,5GZCZ33D26S860514,2006,SATURN,VUE
A18,1G8ZH1272WZ243131,1998,SATURN,SATURNCPE
A21,1G8ZJ5270YZ174924,2000,SATURN,SAT S CPE
A23,1G8ZS57N38F111676,2008,SATURN,AURA
A24,5GZCZ53436S838551,2006,SATURN,VUE
A18,1G8ZK52771Z210207,2001,SATURN,SAT S SDN
B31,1G8ZS57BX9F167542,2009,SATURN,AURA
A18,1G8AJ55F77Z173834,2007,SATURN,ION
A19,3GSDL43N98S533318,2008,SATURN,VUE
A20,1G8AL55F37Z155423,2007,SATURN,ION
A18,1G8AJ54FX5Z113707,2005,SATURN,ION
B27,1G8AZ55F37Z129838,2007,SATURN,ION
A25,1G8JU54F03Y546382,2003,SATURN,SAT L SDN
A18,1G8ZF5287VZ332102,1997,SATURN,SATURNSDN
A26,1GCDT19Z0J2217022,1988,CHEVROLET,S10PICKUP
A26,1GNFK16K5SJ441789,1995,CHEVROLET,SUBCHEV15
A23,1GCCT14W8WK164439,1998,CHEVROLET,S10PICKUP
A19,2CNDL73F156126833,2005,CHEVROLET,EQUINOX
A18,1GNDT13W0X2242629,1999,CHEVROLET,S10BLAZER
A16,3GNFK16R7XG233872,1999,CHEVROLET,SUBCHEV15
A19,1GCDC14K1ME100630,1991,CHEVROLET,TCHEV1500
A21,1GCCS14ZXM8263092,1991,CHEVROLET,S10PICKUP
A18,1GNDT13S872142131,2007,CHEVROLET,TRAILBLAZ
A24,1GNDT13S542402190,2004,CHEVROLET,TRAILBLAZ
A18,1GNDT13S122151620,2002,CHEVROLET,TRAILBLAZ
A23,2CNDL23F556078577,2005,CHEVROLET,EQUINOX
B32,1GNDM19WXYB159005,2000,CHEVROLET,ASTROVAN
A21,1GCCS1448Y8133483,2000,CHEVROLET,S10PICKUP
B31,3GNEK13T33G284789,2003,CHEVROLET,AVALNCH15
B27,1GCCT19ZXM8290170,1991,CHEVROLET,S10PICKUP
A26,1GNET16S426127398,2002,CHEVROLET,TRAILBEXT
A18,1GNET16S336122338,2003,CHEVROLET,TRAILBEXT
B32,1GNDT13SX22123721,2002,CHEVROLET,TRAILBLAZ
A19,2CNDL73F756134158,2005,CHEVROLET,EQUINOX
A19,1GNFK16K2NJ347874,1992,CHEVROLET,SUBCHEV15
A23,1GCCS1443YK156561,2000,CHEVROLET,S10PICKUP
A25,1GCCS149298145268,2009,CHEVROLET,COLORADO
A19,1GCCT19Z1P017572,1993,CHEVROLET,S10PICKUP
A24,2GNFLFEK7E6179478,2014,CHEVROLET,EQUINOX
A26,1GNDT13W5R2150483,1994,CHEVROLET,S10BLAZER
A18,1GNDT13S832211846,2003,CHEVROLET,TRAILBLAZ
B28,2CNDL73F076082987,2007,CHEVROLET,EQUINOX
A20,2CNDL63F186331051,2008,CHEVROLET,EQUINOX
A20,1GNDT13W9XK199439,1999,CHEVROLET,BLAZERS10
A17,1GNDT13S262343859,2006,CHEVROLET,TRAILBLAZ
A16,1GNEK13R8XJ577919,1999,CHEVROLET,TAHOE
A23,1GCDC14H6NZ160501,1992,CHEVROLET,TCHEV1500
B29,1GNDT13W31K242244,2001,CHEVROLET,S10BLAZER
A23,1GNDS13S732331382,2003,CHEVROLET,TRAILBLAZ
A16,1GCCS1448VK172315,1997,CHEVROLET,S10PICKUP
A19,2CNDL23F586027987,2008,CHEVROLET,EQUINOX
A16,1GBDM19Z1MB170167,1991,CHEVROLET,ASTROVAN
B26,1GNDT13S562213669,2006,CHEVROLET,TRAILBLAZ
B28,1GNDT13W5T2312362,1996,CHEVROLET,S10BLAZER
B32,1GCEK19K5RE260338,1994,CHEVROLET,TCHEV1500
A19,1GNDT13W02K155144,2002,CHEVROLET,BLAZERS10
B30,1GNDT13SX32162732,2003,CHEVROLET,TRAILBLAZ
A21,1GNEK13K6SJ443812,1995,CHEVROLET,TAHOE
A23,2CNALPEW3A6380635,2010,CHEVROLET,EQUINOX
B27,1GNDM19Z4MB192764,1991,CHEVROLET,ASTROVAN
A19,2CNDL63F966143584,2006,CHEVROLET,EQUINOX
A16,1GNDT13W7W2292569,1998,CHEVROLET,S10BLAZER
A25,2CNFLNEWXA6283989,2010,CHEVROLET,EQUINOX
A22,1GNEL19W0RB238482,1994,CHEVROLET,ASTROVAN
B32,3GNFK16T0YG146117,2000,CHEVROLET,SUBURBN15
A19,1GNCT18W6YK165335,2000,CHEVROLET,S10BLAZER
A22,2CNALDEW9A6286161,2010,CHEVROLET,EQUINOX
B32,2GCEK19K9P1129279,1993,CHEVROLET,TCHEV1500
A19,2CNDL73F866102160,2006,CHEVROLET,EQUINOX
A25,1GNDT13W7WK148942,1998,CHEVROLET,S10BLAZER
A26,3GNFK16T51G103205,2001,CHEVROLET,SUBURBN15
A21,1GNDT13W7Y2261745,2000,CHEVROLET,S10BLAZER
A25,2GCEK19T6X1266804,1999,CHEVROLET,SILVRDO15
B26,1GNDT13W0W2295751,1998,CHEVROLET,S10BLAZER
B28,3GNFK16T91G169014,2001,CHEVROLET,SUBURBN15
B28,1GNDT13W42K120462,2002,CHEVROLET,S10BLAZER
B28,1GCEG15W111152983,2001,CHEVROLET,EXPRESS15
B30,1GNDT13W8W2210848,1998,CHEVROLET,S10BLAZER
A22,1GCEK19K8SE262817,1995,CHEVROLET,TCHEV1500
B26,1GNDT13X53K131531,2003,CHEVROLET,BLAZERS10
B31,1GNEL19W9XB180577,1999,CHEVROLET,ASTROVAN
A19,CCL448S224561,1978,CHEVROLET,TCHEV10
A26,2GCDC14H4E1227220,1984,CHEVROLET,C10
A22,1GBHK39F3TE161802,1996,CHEVROLET,TCHEV3500
B31,2GBEG25K6P4122810,1993,CHEVROLET,G20
A21,1GKDT13S652297710,2005,GMC,ENVOY
B28,1GKDT13W0N2535179,1992,GMC,S15JIMMY
A18,1GKDT13S562210154,2006,GMC,ENVOY
A20,1GKDT13W7W2951201,1998,GMC,ENVOY
B26,1GKDT13W2X2952225,1999,GMC,ENVOY
A18,1GKEK13R4XJ739669,1999,GMC,YUKON
A24,1GKER33717J118251,2007,GMC,ACADIA
A18,1GKDT13S922420296,2002,GMC,ENVOY
B28,1GKDT13W7T2531188,1996,GMC,S15JIMMY
A24,1GKEL19W8RB532189,1994,GMC,SAFARIVAN
A24,1GTDC14HXLE551316,1990,GMC,TGMC1500
A20,1GKFK66U83J231216,2003,GMC,DENALI XL
A24,1GKEV13748J220628,2008,GMC,ACADIA
A20,1GKKVTKD1DJ154622,2013,GMC,ACADIA
B27,2GTEK19K3L1540834,1990,GMC,TGMC1500
A19,1GKDT13S522449441,2002,GMC,ENVOY
A22,1GKFK16K7SJ741038,1995,GMC,SUBGM1500
A19,1GKEV23D59J149923,2009,GMC,ACADIA
A21,1GKET16S156152017,2005,GMC,ENVOY XL
A18,1GTCT19X9VK506268,1997,GMC,SONOMA
A21,1GTCS19W018190048,2001,GMC,SONOMA
A25,1GKLVKED5AJ266734,2010,GMC,ACADIA
A16,3GKFK16T44G184456,2004,GMC,YUKONXL15
B32,1GTHK29G01E338205,2001,GMC,SIERRA250
A21,1GKDT13Z3M2522211,1991,GMC,JIMMYS15
B27,1GTW7FCF1F1148850,2015,GMC,SAVANA25
A18,1GTDM19W61B500057,2001,GMC,SAFARIVAN
A23,1GKDT13W712115624,2001,GMC,S15JIMMY
A15,1HGCD553XVA080136,1997,HONDA,ACCORD
A05,1HGCG6672YA153700,2000,HONDA,ACCORD
A14,JHLRD1848XC071239,1999,HONDA,CR-V
A02,2HKYF18514H516559,2004,HONDA,PILOT
A10,4S6CM58W6X4415756,1999,HONDA,PASSPORT
A05,2HGEJ6629VH541597,1997,HONDA,CIVIC
A11,1HGEJ667XWL018931,1998,HONDA,CIVIC
A06,5FNRL18934B011248,2004,HONDA,ODYSSEY
A03,1HGCD5604VA106833,1997,HONDA,ACCORD
A12,1HGCG314XYA023823,2000,HONDA,ACCORD
A07,SHSRD78876U408741,2006,HONDA,CR-V
A08,2HKYF18604H522717,2004,HONDA,PILOT
A06,2HKRL1863XH510269,1999,HONDA,ODYSSEY
A02,1HGCM82693A007529,2003,HONDA,ACCORD
A04,1HGEJ8246WL082620,1998,HONDA,CIVIC
A15,5FNRL18844B088475,2004,HONDA,ODYSSEY
A07,5FNRL189X3B105268,2003,HONDA,ODYSSEY
A14,1HGCG6680YA026999,2000,HONDA,ACCORD
A14,2HKYF18493H574912,2003,HONDA,PILOT
A03,5FNYF28176B016295,2006,HONDA,PILOT
A10,JHMES96643S022820,2003,HONDA,CIVIC
A11,1HGCM55314A040252,2004,HONDA,ACCORD
A13,2HGEJ6683XH904242,1999,HONDA,CIVIC
A02,5FNRL18044B074411,2004,HONDA,ODYSSEY
A04,JHMEH9697NS001844,1992,HONDA,CIVIC
A14,1HGCM56707A075824,2007,HONDA,ACCORD
A03,2HKYF18657H524693,2007,HONDA,PILOT
A11,JHNEC6729HC004810,1987,HONDA,CIVIC
A05,1HGCG31801A000172,2001,HONDA,ACCORD
A12,1HGCM56734A052114,2004,HONDA,ACCORD
A15,2HGFA16689H326261,2009,HONDA,CIVIC
A04,1HGCD5693TA253267,1996,HONDA,ACCORD
A10,JHMFA36297S032329,2007,HONDA,CIVIC
A15,1HGCM56797A144848,2007,HONDA,ACCORD
A07,2HGFA16529H369985,2009,HONDA,CIVIC
A10,JHMGD38688S036272,2008,HONDA,FIT
A10,1HGCG56411A093916,2001,HONDA,ACCORD
A03,5FNRL38807B005852,2007,HONDA,ODYSSEY
A05,1HGCG22502A006294,2002,HONDA,ACCORD
A05,1HGCD5531TA176993,1996,HONDA,ACCORD
A08,JHMGD38447S060050,2007,HONDA,FIT
A03,5FNRL38697B039237,2007,HONDA,ODYSSEY
A05,1HGCF86601A092181,2001,HONDA,ACCORD
A13,JHMCB7657LC042850,1990,HONDA,ACCORD
A03,5FNRL38477B427288,2007,HONDA,ODYSSEY
A02,1HGCB7657NL005187,1992,HONDA,ACCORD
A03,5FNRL38737B001267,2007,HONDA,ODYSSEY
A10,1HGCD5558RA133519,1994,HONDA,ACCORD
A07,4S6DM58WXY4400294,2000,HONDA,PASSPORT
A15,JHMCD5657RC070798,1994,HONDA,ACCORD
A10,2HKRL1868YH583851,2000,HONDA,ODYSSEY
A11,2HKRL1866YH014559,2000,HONDA,ODYSSEY
A05,KMHCN46C57U101220,2007,HYUNDAI,ACCENT
A12,KMHDU46D28U541011,2008,HYUNDAI,ELANTRA
A11,KM8SC83D71U102821,2001,HYUNDAI,SANTA FE
A06,KMHFU45E05A403550,2005,HYUNDAI,XG350
A05,KMHCM36C88U083794,2008,HYUNDAI,ACCENT
A13,KM8JN72D85U048047,2005,HYUNDAI,TUCSON
A12,KMHDN46D85U163060,2005,HYUNDAI,ELANTRA
A08,KMHFC46F86A053077,2006,HYUNDAI,AZERA
A03,5NPET4AC2AH648019,2010,HYUNDAI,SONATA
A11,KMHDN46D96U300279,2006,HYUNDAI,ELANTRA
A14,KMHFC46F46A097271,2006,HYUNDAI,AZERA
A14,5NPET46C69H483838,2009,HYUNDAI,SONATA
A03,JNRDR09Y51W220118,2001,INFINITY,QX4
A14,JNKCV54E35M402157,2005,INFINITY,G35
A06,JNKCA21A8WT630903,1998,INFINITY,I30
A12,JNKBF01A42M006294,2002,INFINITY,Q45
A07,JACDJ58X8X7922433,1999,ISUZU,TROOPER
A11,4S2DM58WXY4320107,2000,ISUZU,RODEO
A01,SAJAV1347EC375711,1984,JAGUAR,XJ6
A14,KNDMC5C10F6028106,2015,KIA,SEDONA
A15,KNDJA723X25154156,2002,KIA,SPORTAGE
A13,KNDJD735895891499,2009,KIA,SORENTO
A10,KNAFG526777085230,2007,KIA,RONDO
A13,KNDJC733645197064,2004,KIA,SORENTO
A04,KNDJT2A29A7033787,2010,KIA,SOUL
A14,KNADC123726182427,2002,KIA,RIO
A12,KNAFE161555099200,2005,KIA,SPECTRA
A11,KNDJC733145220637,2004,KIA,SORENTO
A02,KNDMB233266080842,2006,KIA,SEDONA
A13,KNDMB233386213272,2008,KIA,SEDONA
A02,KNAFE161675008809,2007,KIA,SPECTRA
A04,KNAFE121865293677,2006,KIA,SPECTRA
A11,KNAFE121045041743,2004,KIA,SPECTRA
A02,KNDMB233096295897,2009,KIA,SEDONA
A08,KNDMB233876177450,2007,KIA,SEDONA
A08,KNAFE121965334334,2006,KIA,SPECTRA
A05,KNADE123766157303,2006,KIA,RIO
A12,KNAFE222795638751,2009,KIA,SPECTRA
A14,JT8UF22E7S0017223,1995,LEXUS,LS400
A11,JT8GK13T9S0120577,1995,LEXUS,ES300
A06,JT8BF28G5W0142047,1998,LEXUS,ES300
A06,JTHCE96S870008822,2007,LEXUS,GS350
A06,JTJHF10U910216938,2001,LEXUS,RX300
A11,JTHBA30GX45035706,2004,LEXUS,ES330
A08,JTHBF30G720017031,2002,LEXUS,ES300
A01,6G21H182145,1976,,ELITE
A10,WDBUF65J93A177292,2003,MERCEDES,E320
A04,4JGAB54E5WA034838,1998,MERCEDES,ML320
A15,WDDNG71X77A093499,2007,MERCEDES,S550
A01,10801210044,1967,MERCEDES,250S
A10,WDBRN40JX3A424579,2003,MERCEDES,C230
A10,WDBHA24G5XA775156,1999,MERCEDES,C230
A07,WDBAB23A3BB222729,1981,MERCEDES,240D
A01,GHD3L131156G,1967,,MIDGET
A15,4A4MN21SX5E030575,2005,MITSUBISHI,ENDEAVOR
A13,JA4MW31R41J019932,2001,MITSUBISHI,MONTERO
A04,JA3AJ26E72U056978,2002,MITSUBISHI,LANCERMIT
A02,JA4MT41RXYP050673,2000,MITSUBISHI,MONTEROSP
A08,4A3AB36F04E115974,2004,MITSUBISHI,GALANT
A14,JA3AD69F14U034402,2004,MITSUBISHI,LANCERMIT
A07,4A3AB36F57E078148,2007,MITSUBISHI,GALANT
A05,4A3AB36F75E055807,2005,MITSUBISHI,GALANT
A06,JM3ER293970135855,2007,MAZDA,CX-7
A05,JM1BK323581137811,2008,MAZDA,MAZDA 3
A10,JM3LW28A930374879,2003,MAZDA,MPV VAN
A13,4F2CZ061X6KM28576,2006,MAZDA,TRIBUTE
A14,4F4CR17X6STM20513,1995,MAZDA,B4000
A13,4F2CZ96196KM13247,2006,MAZDA,TRIBUTE
A06,JM3TB38VX90175725,2009,MAZDA,CX-9
A10,JM1BK123341201617,2004,MAZDA,MAZDA 3
A05,1YVGF22C7X5869606,1999,MAZDA,626
A04,1YVGE22C8T5506471,1996,MAZDA,626
A05,JM1BC1412V0166245,1997,MAZDA,PROTEGE
A02,JM1BJ225531165146,2003,MAZDA,PROTEGE
A11,1YVHP80C685M12861,2008,MAZDA,MAZDA 6
A14,JM1BL1SG6A1180306,2010,MAZDA,MAZDA 3
A08,1YVGE22C9S5366770,1995,MAZDA,626
A03,SALSF25497A986799,2007,LAND ROVER,ROVER SPT
A14,SALTY12451A706476,2001,LAND ROVER,DISCOVERY
A12,YS3FD59YX71134757,2007,SAAB,9-3
A01,YS3AT35S8E2004583,1984,SAAB,900
A12,4S3BH675X17631773,2001,SUBARU,LEGACY
A11,JF1SG65637H720074,2007,SUBARU,FORESTER
A11,JF1GF48531H804323,2001,SUBARU,IMPREZA
A11,JF2AN52B3ND406504,1992,SUBARU,LOYALE
A12,JF3AU53B9GE502034,1986,SUBARU,BRAT
A15,4S3BD6759W7207956,1998,SUBARU,LEGACY
A12,JF1GD67505H519684,2005,SUBARU,IMPREZA
A04,JF2AT53B5FE500142,1985,SUBARU,BRAT
A12,4S3BH665317674367,2001,SUBARU,LEGACY
A04,4S3BG6850W6643624,1998,SUBARU,LEGACY
A03,4S3BD4359V7200742,1997,SUBARU,LEGACY
A05,JF1GF4859WG806574,1998,SUBARU,IMPREZA
A07,4S4WX82C864426446,2006,SUBARU,TRIBECA
A15,4S3BH6654Y7624622,2000,SUBARU,LEGACY
A08,4S4BP60C387352408,2008,SUBARU,LEGACY
A02,4S4WX86D874404953,2007,SUBARU,TRIBECA
A07,4S3BH675547623875,2004,SUBARU,LEGACY
A15,4S3BE6867Y7209034,2000,SUBARU,LEGACY
A05,4S3BH806547636155,2004,SUBARU,LEGACY
A02,4S3BG6853X7660753,1999,SUBARU,LEGACY
A07,4S4BP61C657304458,2005,SUBARU,LEGACY
A02,4S3BE6353Y7217548,2000,SUBARU,LEGACY
A08,4S3BL686554207463,2005,SUBARU,LEGACY
A15,4S3BH675337660213,2003,SUBARU,LEGACY
A10,4S4BP86C454338713,2005,SUBARU,LEGACY
A07,4S3BL616577209399,2007,SUBARU,LEGACY
A13,4S4BP62C257381178,2005,SUBARU,LEGACY
A10,4S3BK4356X6303891,1999,SUBARU,LEGACY
A15,4S4BP86C554313917,2005,SUBARU,LEGACY
A15,JF1SG65643H747360,2003,SUBARU,FORESTER
A08,JF1SF63591H733609,2001,SUBARU,FORESTER
A10,JF1SF63501H721963,2001,SUBARU,FORESTER
A11,JF1SF65651H717350,2001,SUBARU,FORESTER
A03,JS2YB5A34B6305008,2011,SUZUKI,SX4
A03,JS3TX92V044111301,2004,SUZUKI,XL-7
A15,JS2YB413985107257,2008,SUZUKI,SX4
A07,2S3DA217486109135,2008,SUZUKI,XL-7
A12,KL5JJ66Z15K146838,2005,SUZUKI,RENO
A07,JS3TX92V424120855,2002,SUZUKI,XL-7
A11,JS2YB417495101922,2009,SUZUKI,SX4
A02,JS3TX92V544112847,2004,SUZUKI,XL-7
A12,KL5JD56Z68K927795,2008,SUZUKI,FORENZA
A14,JT2BK18U130088196,2003,TOYOTA,PRIUS
A15,JT3GP10VXX7064094,1999,TOYOTA,RAV 4
A07,1NXAE94A5MZ248977,1991,TOYOTA,COROLLA
A05,JT4RN56D8E0022917,1984,TOYOTA,TTOYOTA
A07,JT4RN50R0H0299411,1987,TOYOTA,TTOYOTA
A08,JTEHH20V830197874,2003,TOYOTA,RAV 4
A14,JT2AE09B5S0090560,1995,TOYOTA,COROLLA
A06,JTDKN3DU3A0177815,2010,TOYOTA,PRIUS
A08,2T1BR32EX3C026401,2003,TOYOTA,COROLLA
A08,1NXBR32E97Z862740,2007,TOYOTA,COROLLA
A12,JTDBT123210167670,2001,TOYOTA,ECHO
A14,4T1BF28B34U370636,2004,TOYOTA,AVALON
A05,1NXBR12E2XZ229338,1999,TOYOTA,COROLLA
A10,5TDZA23C54S048392,2004,TOYOTA,SIENNA
A04,1NXAE09BXSZ334912,1995,TOYOTA,COROLLA
A02,1NXBR32E48Z993415,2008,TOYOTA,COROLLA
A02,4T1BF22K6YU936688,2000,TOYOTA,CAMRY
A05,4T1BE32K14U920076,2004,TOYOTA,CAMRY
A12,JTEDW21A760010497,2006,TOYOTA,HIGHLANDR
A06,4T1BK36B96U089786,2006,TOYOTA,AVALON
A05,JT2BG22K0W0241167,1998,TOYOTA,CAMRY
A06,5TDZA23C95S224328,2005,TOYOTA,SIENNA
A12,JT2SK12E0S0290222,1995,TOYOTA,CAMRY
A14,JT2EL45U6R0185760,1994,TOYOTA,PASEO
A11,4T1BE32K42U084499,2002,TOYOTA,CAMRY
A10,RN23069084,1978,TOYOTA,TTOYOTA
A14,4T1BB46K59U085843,2009,TOYOTA,CAMRY
A11,1NXBR32E54Z259506,2004,TOYOTA,COROLLA
A02,4T1BF32K72U014184,2002,TOYOTA,CAMRY
A15,1NXBB02E1VZ648874,1997,TOYOTA,COROLLA
A05,4T1BE32K62U079532,2002,TOYOTA,CAMRY
A10,5YFBURHE2FP362220,2015,TOYOTA,COROLLA
A10,JTDAT123630276566,2003,TOYOTA,ECHO
A12,1NXBR32E84Z312702,2004,TOYOTA,COROLLA
A08,4T4BF3EK3BR110301,2011,TOYOTA,CAMRY
A15,JTEHF21A030141266,2003,TOYOTA,HIGHLANDR
A02,4T4BF3EK7BR123889,2011,TOYOTA,CAMRY
A10,JTDBE32K230175879,2003,TOYOTA,CAMRY
A06,4T1BF3EK4BU208697,2011,TOYOTA,CAMRY
A05,JTDBA30K650024500,2005,TOYOTA,CAMRY
A12,4T1BE32K33U254949,2003,TOYOTA,CAMRY
A15,4T1BE46KX7U116329,2007,TOYOTA,CAMRY
A10,YV1SZ58D811016200,2001,VOLVO,V70
A04,3VWFE21C33M408068,2003,VOLKSWAGEN,BEETLE
A13,3VWSK69M24M035957,2004,VOLKSWAGEN,JETTA
A11,WVWEK73C76E039579,2006,VOLKSWAGEN,PASSAT
A04,3VWSE69M24M094370,2004,VOLKSWAGEN,JETTA
A04,3VWRA81H1TM033322,1996,VOLKSWAGEN,JETTA
A15,3VWCD31Y34M346406,2004,VOLKSWAGEN,BEETLE
A08,3VWSB69M61M173352,2001,VOLKSWAGEN,JETTA
A06,3VWRB69M81M142540,2001,VOLKSWAGEN,JETTA
A07,3VWTG29M71M044955,2001,VOLKSWAGEN,JETTA
A04,3VWTG69MX1M174171,2001,VOLKSWAGEN,JETTA
A07,3VWSP69M13M173764,2003,VOLKSWAGEN,JETTA
